<?xml version="1.0" encoding="UTF-8"?>
<metadata xml:lang="en"><Esri><CreaDate>20160822</CreaDate><CreaTime>09271000</CreaTime><ArcGISFormat>1.0</ArcGISFormat><SyncOnce>TRUE</SyncOnce><DataProperties><itemProps><itemLocation><linkage Sync="TRUE">file://\\94-MPD-L6141VYL\C$\Users\366830\Desktop\Sidewalk Bike Parking 08222016\LosAngeles_SidewalkBikeParking20160822\Sidewalk_Bike_Parking20160822</linkage><protocol Sync="TRUE">Local Area Network</protocol></itemLocation></itemProps><copyHistory><copy source="C:\Users\366830\Desktop\Sidewalk Bike Parking 08222016\Sidewalk_Bike_Parking20160822" dest="\\94-MPD-L6141VYL\C$\Users\366830\Desktop\Sidewalk Bike Parking 08222016\LosAngeles_SidewalkBikeParking20160822\Sidewalk_Bike_Parking20160822" date="20160822" time="09271000"></copy></copyHistory></DataProperties></Esri></metadata>
